Student,LPIPS,SSIM
11251503.jpg,0.41797855496406555,0.7798831624414914
11251504.jpg,0.4283468723297119,0.7997240684906096
11251501.jpg,0.5050581097602844,0.7423027350859998
